train_size,mean_coverage,avg_width,mean_lower,mean_upper
1.0,0.9996923076923077,0.0,1.0000046498225286,1.0000046498225286
11.0,0.6315,0.1095630230885494,0.9459189480915595,1.055481971180109
21.0,0.7263076923076923,0.10643221893920421,0.9569853390183705,1.0634175579575746
31.0,0.8102307692307692,0.14311175123439715,0.9442688085419791,1.0873805597763764
41.0,0.8430769230769231,0.07153876854585942,0.9700033291409333,1.041542097686793
51.0,0.8628846153846154,0.059018642076473844,0.9733508069114956,1.0323694489879693
61.0,0.872423076923077,0.052507546161208375,0.9747653996747566,1.0272729458359648
71.0,0.8850384615384616,0.0544727110958957,0.973913892651337,1.0283866037472327
81.0,0.8946923076923077,0.06592281207487097,0.9697371804585596,1.0356599925334307
91.0,0.8981923076923077,0.0459262308182187,0.9794551461277732,1.0253813769459919
101.0,0.8986538461538461,0.033834350596995466,0.9852495181323592,1.0190838687293546
111.0,0.9097307692307692,0.03017016559333269,0.9872255172898908,1.0173956828832234
121.0,0.9145384615384615,0.03542384539942268,0.9841840113528127,1.0196078567522355
131.0,0.9169615384615385,0.11456298228991829,0.9703644049078872,1.0849273871978053
141.0,0.9126153846153846,0.9907509554530087,0.5617076469134302,1.552458602366439
151.0,0.9098076923076923,0.9704624997519974,0.8069545648481168,1.777417064600114
161.0,0.9061538461538462,0.886722387151499,0.891533821688727,1.7782562088402263
171.0,0.9176923076923077,0.45471081231547733,0.9432221858305547,1.3979329981460322
181.0,0.9224230769230769,0.007743523888573963,0.9966606322615098,1.0044041561500838
191.0,0.9206538461538462,0.0077167109201162504,0.9953408710323296,1.0030575819524459
201.0,0.9171153846153847,0.6478982158341147,0.9346496626722264,1.582547878506341
211.0,0.9248076923076923,0.008985561965331134,0.9829634966851671,0.9919490586504982
221.0,0.9296923076923077,0.027910990574688023,0.9710067678704517,0.9989177584451399
231.0,0.9267307692307692,0.3793765610518632,0.9498156596008608,1.3291922206527238
241.0,0.9293461538461538,0.6574280354408024,0.9310565968749013,1.5884846323157038
251.0,0.9260769230769231,0.7374360298605047,0.34735610066537204,1.0847921305258768
261.0,0.9332307692307692,0.9731718245808076,0.20062750631823578,1.1737993308990433
271.0,0.928076923076923,0.9906510286296707,0.22488869045504173,1.2155397190847124
281.0,0.929,0.5129951041771936,0.9365260360002852,1.4495211401774788
291.0,0.9272307692307692,0.4903344152723188,0.9400689412274891,1.4304033564998082
301.0,0.9245769230769231,0.9424928424255337,0.8357986737733392,1.7782915161988728
311.0,0.9328846153846154,0.8927578112798493,0.8909969140607665,1.7837547253406156
321.0,0.9316923076923077,0.6945659796905308,0.921276616047817,1.6158425957383475
331.0,0.931076923076923,0.6399510472359287,0.927806231061373,1.5677572782973017
341.0,0.9366538461538462,0.9719201247006759,0.19256054168615006,1.1644806663868261
351.0,0.9393461538461538,0.00397187669350412,0.989171404955887,0.993143281649391
361.0,0.9371923076923077,0.9316549918292192,0.17018073164837533,1.1018357234775946
371.0,0.9322307692307692,0.5635086404344681,0.9396959165157615,1.5032045569502295
381.0,0.9385,0.011180631191704713,0.9840463218892911,0.995226953080996
391.0,0.9398076923076923,0.011247150171050308,0.9849654103993464,0.9962125605703969
401.0,0.9384615384615385,0.004713404838229204,0.9864441283405764,0.9911575331788056
411.0,0.9382692307692307,0.06439073032071459,0.9826404913956492,1.047031221716364
421.0,0.9378076923076923,0.3908615813088539,0.6566680933307744,1.047529674639628
431.0,0.9346923076923077,0.7997345274616339,0.28265408535133646,1.08238861281297
441.0,0.935923076923077,0.7688741468365048,0.9227926792853279,1.6916668261218328
451.0,0.939923076923077,0.351855659554593,0.9553286539575803,1.3071843135121737
461.0,0.9391538461538461,0.9573556370011939,0.13998958781397586,1.0973452248151696
471.0,0.9391153846153846,0.9845180796929708,0.12195145569912798,1.1064695353920988
481.0,0.9434615384615385,0.04186660593175823,0.9749186126083682,1.0167852185401263
491.0,0.9433461538461538,0.021418712636667545,0.9803707154079156,1.0017894280445832
501.0,0.9348846153846154,0.9403142317095069,0.15457269117678182,1.0948869228862887
511.0,0.9413076923076923,0.9798835370484951,0.1357520590055703,1.1156355960540654
521.0,0.9389615384615385,0.9950874501514063,0.14772717026113164,1.1428146204125382
531.0,0.9381153846153846,0.9677545182862355,0.12908077258410205,1.0968352908703374
541.0,0.9381153846153846,0.9887194004413703,0.19789636349448889,1.186615763935859
551.0,0.939076923076923,0.9798870612215228,0.8250980928826628,1.8049851541041857
561.0,0.9367692307692308,0.5170710661272021,0.9416824258253464,1.4587534919525484
571.0,0.9431923076923077,0.7178499786788511,0.341672810752568,1.0595227894314194
581.0,0.9431923076923077,0.5296572000636139,0.5217608812275111,1.051418081291125
591.0,0.9385769230769231,0.6942803771080237,0.9344113836326648,1.6286917607406883
601.0,0.937076923076923,0.2733840730792866,0.9571170147236703,1.2305010878029568
611.0,0.9445,0.05977817457117367,0.9697830391661593,1.029561213737333
621.0,0.9402692307692307,0.9475625740296525,0.13785457854552435,1.0854171525751768
631.0,0.9417307692307693,0.9628016732320267,0.12457912631167825,1.0873807995437053
641.0,0.9421538461538461,0.979619284852932,0.10823782299571895,1.087857107848651
651.0,0.944,0.9776093063850707,0.8834084449162001,1.861017751301271
661.0,0.9427692307692308,0.046308598624826336,0.9725255695324171,1.0188341681572433
671.0,0.9434230769230769,0.8804123937358086,0.9178371844013694,1.798249578137178
681.0,0.9376153846153846,0.5805623441912674,0.9417273424602642,1.5222896866515319
691.0,0.9441153846153846,0.8237282581804375,0.24145976332513772,1.0651880215055753
701.0,0.9455384615384615,0.8450727006532849,0.2199707003382703,1.0650434009915553
711.0,0.9409615384615385,0.9282773889872491,0.9095335722461244,1.8378109612333735
721.0,0.946,0.11724073428638454,0.9181080653714052,1.0353487996577897
731.0,0.944,0.14536643317946588,0.8923978603383454,1.0377642935178113
741.0,0.9455769230769231,0.0914734203524608,0.9429818624563346,1.0344552828087954
751.0,0.9438846153846154,0.9782100483662721,0.856080239435991,1.8342902878022633
761.0,0.9450384615384615,0.8708035826457791,0.19555740149472528,1.0663609841405044
771.0,0.9443461538461538,0.037212244819474403,0.9717043236207878,1.0089165684402623
781.0,0.9454615384615385,0.6091540356731007,0.44371518332554905,1.0528692189986497
791.0,0.9366153846153846,0.9139918767677186,0.9085816702350594,1.8225735470027782
801.0,0.9343461538461538,0.9187554054198898,0.9073428929739249,1.8260982983938148
811.0,0.9433076923076923,0.8979230696114958,0.1724241171865285,1.070347186798024
821.0,0.9455,0.8910220482224087,0.1762841751151417,1.0673062233375503
831.0,0.9442692307692307,0.003527584233906714,0.9780589183834726,0.9815865026173793
841.0,0.9385769230769231,0.49618492829315225,0.9447897269999714,1.4409746552931235
851.0,0.9408846153846154,0.30708263740640085,0.9551333762356955,1.2622160136420963
861.0,0.9430384615384615,0.7164566244260916,0.3423016561645835,1.0587582805906752
871.0,0.9442307692307692,0.7702003023277343,0.2905126029187883,1.0607129052465225
881.0,0.9434230769230769,0.15792480980081616,0.9585436911585822,1.1164685009593982
891.0,0.9548461538461539,0.18601235175163724,0.8522551130201278,1.0382674647717651
901.0,0.9421538461538461,0.5410899990228464,0.9417020304909068,1.482792029513753
911.0,0.9440384615384615,0.9666436220026405,0.11188075305033149,1.078524375052972
921.0,0.9407307692307693,0.9726894764088317,0.10194677446306315,1.0746362508718947
931.0,0.9389615384615385,0.6482098594725911,0.9346224833406226,1.5828323428132138
941.0,0.9438461538461539,0.5228775831019886,0.5315740534020362,1.0544516365040246
951.0,0.9422692307692307,0.9000130775874914,0.9140509647250953,1.8140640423125864
961.0,0.9452307692307692,0.1424101297015759,0.9610030013105044,1.10341313101208
971.0,0.9451923076923077,0.20226072994624686,0.9579654745473964,1.160226204493643
981.0,0.9466153846153846,0.9796605984406536,0.09807464636807095,1.0777352448087245
991.0,0.9474615384615385,0.9526103955460876,0.13304834387266792,1.0856587394187558
1001.0,0.9449615384615384,0.9731570407690079,0.10536029939219922,1.078517340161207
1011.0,0.9442692307692307,0.9762985358231115,0.8293354878992997,1.8056340237224109
1021.0,0.9467692307692308,0.22737192335149697,0.9554470646772818,1.1828189880287787
1031.0,0.9445,0.9876693102075677,0.715578745075932,1.7032480552834992
1041.0,0.9453846153846154,0.8379045654804442,0.22733421547499832,1.0652387809554427
1051.0,0.9473076923076923,0.08766135458607902,0.9466019598274187,1.0342633144134976
1061.0,0.9462692307692308,0.0679356422839459,0.961925810738069,1.029861453022015
1071.0,0.9453461538461538,0.2840770938027574,0.7582630194145915,1.0423401132173487
1081.0,0.9458076923076923,0.1476590586782089,0.8893766798259904,1.0370357385041993
1091.0,0.9459615384615384,0.08912084650741663,0.9451261285947422,1.034246975102159
1101.0,0.9464615384615385,0.1479055460854981,0.8889869896958951,1.0368925357813932
1111.0,0.9469615384615384,0.5936938133999712,0.46004486705576975,1.0537386804557407
1121.0,0.9532692307692308,0.3770874278565241,0.6673738600259874,1.0444612878825117
1131.0,0.9441153846153846,0.9570961995326996,0.11672240199929182,1.0738186015319915
1141.0,0.9458461538461539,0.5353811682262266,0.5145587126423967,1.0499398808686236
1151.0,0.9455769230769231,0.36735244485086693,0.6766622688515507,1.0440147137024176
1161.0,0.9465384615384616,0.2552577349346216,0.7864903511564386,1.0417480860910604
1171.0,0.9498076923076924,0.2520994602545676,0.7899016095530007,1.0420010698075686
1181.0,0.9461153846153846,0.09733418082182027,0.9368400678760884,1.0341742486979084
1191.0,0.9465769230769231,0.06476916343208214,0.9615248839884656,1.0262940474205478
1201.0,0.946076923076923,0.04589331019227744,0.9774939497467762,1.0233872599390537
1211.0,0.9472307692307692,0.9871775608273742,0.41377466828918413,1.4009522291165584
1221.0,0.9595769230769231,0.04799929763607085,0.9778981853813559,1.0258974830174266
1231.0,0.9431538461538461,0.9548557538277092,0.11395669234290742,1.0688124461706165
1241.0,0.9452692307692308,0.9320642349560357,0.9262942654075234,1.858358500363559
1251.0,0.9402307692307692,0.5027114972963377,0.9470933262929779,1.4498048235893155
1261.0,0.9505769230769231,0.5036879641516188,0.5438754870270969,1.0475634511787155
1271.0,0.9565384615384616,0.2085243669047423,0.8311786634849304,1.0397030303896728
1281.0,0.9389615384615385,0.2664202287144767,0.9557478267878105,1.2221680555022874
1291.0,0.9584615384615385,0.14898442800749676,0.888884038616875,1.0378684666243718
1301.0,0.9494230769230769,0.0032891953176692966,0.9843541775399114,0.9876433728575805
1311.0,0.9463846153846154,0.8368907109970836,0.2228424623008234,1.0597331732979072
1321.0,0.9458846153846154,0.28613024130756914,0.7544865735474429,1.0406168148550121
1331.0,0.9448846153846154,0.18299807097995352,0.8533187967527828,1.0363168677327363
1341.0,0.9501538461538461,0.0036423105161139256,0.9870584867313137,0.9907007972474279
1351.0,0.9454230769230769,0.9463903437429069,0.919328389809546,1.8657187335524528
1361.0,0.9499615384615384,0.0037867162214822478,0.9807113964734077,0.98449811269489
1371.0,0.943,0.9910301295775056,0.13447464862954842,1.1255047782070542
1381.0,0.9463461538461538,0.07793829849108559,0.9547324208998316,1.032670719390917
1391.0,0.9468461538461539,0.04995652109125009,0.9729613777915809,1.022917898882831
1401.0,0.9473461538461538,0.05025490332507723,0.9706491007615489,1.020904004086626
1411.0,0.9650384615384615,0.05099883078557223,0.9777413010066008,1.028740131792173
1421.0,0.9489615384615384,0.013886278537542167,0.9697851088182345,0.9836713873557766
1431.0,0.9424230769230769,0.9953530127256215,0.13019539340397868,1.1255484061296002
1441.0,0.9463846153846154,0.904503674021278,0.9226490570820766,1.8271527311033546
1451.0,0.9484230769230769,0.005128569283435982,0.9756562471276603,0.9807848164110964
1461.0,0.9481923076923077,0.004315023556424468,0.9739345171629151,0.9782495407193396
1471.0,0.9460384615384615,0.8946488434132763,0.1678899690019742,1.0625388124152508
1481.0,0.9443461538461538,0.9479370458792823,0.11829926403181146,1.0662363099110939
1491.0,0.9465384615384616,0.942480238755991,0.12355592029423189,1.066036159050223
1501.0,0.9466538461538462,0.9866634190548178,0.09783992064635033,1.0845033397011683
1511.0,0.9494615384615385,0.971033926648619,0.8612900531467845,1.8323239797954036
1521.0,0.9493461538461538,0.003535544604649978,0.9787508711611115,0.9822864157657613
1531.0,0.9475384615384616,0.6919987682071107,0.36084090155568777,1.0528396697627986
1541.0,0.9505,0.6438942023584109,0.40660985269530064,1.0505040550537115
1551.0,0.009538461538461539,0.6347748480572869,0.4152460650416986,1.0500209130989855
1561.0,0.9514615384615385,0.6395261720967884,0.41050204022866105,1.0500282123254494
1571.0,0.9525769230769231,0.46998002889006013,0.5755354726524424,1.0455155015425026
1581.0,0.95,0.002684265718148175,0.9820817629708363,0.9847660286889846
1591.0,0.9492307692307692,0.005628366460488454,0.9836129995113769,0.9892413659718655
1601.0,0.9463846153846154,0.9877415780845304,0.1113810330224622,1.0991226111069925
1611.0,0.9462307692307692,0.9891593529903044,0.10987007236743036,1.0990294253577348
1621.0,0.9476923076923077,0.9867601492383073,0.11420823225451628,1.1009683814928235
1631.0,0.9448076923076923,0.9836980854189746,0.08999824599093158,1.0736963314099064
1641.0,0.024423076923076922,0.944065653337846,0.12415535320395599,1.068221006541802
1651.0,0.024346153846153847,0.9614303044663421,0.1063110308207394,1.0677413352870813
1661.0,0.9498846153846154,0.006983096953864589,0.9879308640422378,0.9949139609961023
1671.0,0.9515384615384616,0.6223553183877234,0.42704517325266184,1.0494004916403854
1681.0,0.952076923076923,0.6164557150215669,0.43224130568222124,1.0486970207037885
1691.0,0.9518076923076924,0.6354197965300864,0.41385010533447497,1.0492699018645615
1701.0,0.9498846153846154,0.9828349925690855,0.15339847218391434,1.1362334647529997
1711.0,0.949076923076923,0.9877999442341079,0.08837981505662308,1.076179759290731
1721.0,0.9495384615384616,0.9891569421473146,0.08136923905992348,1.0705261812072382
1731.0,0.9489615384615384,0.9880956277725435,0.07854859126419086,1.0666442190367345
1741.0,0.9485,0.0028906014396041344,0.9873565880217577,0.9902471894613619
1751.0,0.9513461538461538,0.0029726407134728025,0.9933536774322239,0.9963263181456964
1761.0,0.9461923076923077,0.96892681732296,0.09964905221614564,1.0685758695391057
1771.0,0.9469615384615384,0.7729353519235025,0.2822009713034767,1.0551363232269793
1781.0,0.9467692307692308,0.7635543832983532,0.28868715776101633,1.0522415410593695
1791.0,0.9495769230769231,0.547223975716618,0.4976029188262792,1.0448268945428971
1801.0,0.9477692307692308,0.4649161040097893,0.5796312820925027,1.0445473861022918
1811.0,0.9499230769230769,0.004423814888596219,0.974165381538227,0.9785891964268232
1821.0,0.9483846153846154,0.16715820140175758,0.9531320334112465,1.120290234813004
1831.0,0.9507307692307693,0.004738008535641063,0.9946456388961542,0.9993836474317953
1841.0,0.9506923076923077,0.002525031674959611,0.9964129175572862,0.9989379492322458
1851.0,0.9515384615384616,0.0026720899487906336,0.996216351190386,0.9988884411391767
1861.0,0.9458076923076923,0.9770189600511247,0.09471384587515513,1.0717328059262796
1871.0,0.9450384615384615,0.9410244696045112,0.12472083274026437,1.0657453023447756
1881.0,0.9448461538461539,0.9501614593322303,0.1160811444411399,1.06624260377337
1891.0,0.9474615384615385,0.835867757279995,0.22197859053058802,1.0578463478105828
1901.0,0.9476538461538462,0.8378651429923414,0.21896227733817825,1.0568274203305197
1911.0,0.014461538461538461,0.8183867670983264,0.23741049481123258,1.0557972619095588
1921.0,0.952,0.006534426323153218,0.9933962868222086,0.9999307131453617
1931.0,0.9472692307692308,0.9583113213554011,0.8790775651879094,1.8373888865433101
1941.0,0.9516153846153846,0.002519133539945746,0.9954762940305153,0.9979954275704611
1951.0,0.9525769230769231,0.002640196737650599,0.9961986698192995,0.9988388665569503
1961.0,0.9528461538461539,0.0024231270692640686,0.9967191285682251,0.9991422556374892
1971.0,0.9525384615384616,0.002356276670567936,0.9966859222082778,0.9990421988788456
1981.0,0.9465,0.9915121577644368,0.1060777022631796,1.0975898600276162
1991.0,0.946923076923077,0.9924807712670016,0.14765702545430315,1.1401377967213047
2001.0,0.9518076923076924,0.0026217166305050822,0.9957349027428799,0.998356619373385
2011.0,0.9513846153846154,0.0025123215681272723,0.9961640337667445,0.9986763553348716
2021.0,0.9514615384615385,0.004007971646220786,0.9955998957867698,0.9996078674329906
2031.0,0.9513846153846154,0.003455616754955414,0.9957282904844533,0.9991839072394088
2041.0,0.9518846153846154,0.0035732479074557636,0.9957464152637848,0.9993196631712408
2051.0,0.950076923076923,0.007157973371994573,0.9943462142874148,1.0015041876594095
2061.0,0.9529615384615384,0.004186409511837968,0.9950095930103977,0.9991960025222356
2071.0,0.9519230769230769,0.003163346051225876,0.9958849532330798,0.9990482992843056
2081.0,0.9514615384615385,0.0026170325348448538,0.9954707045123253,0.9980877370471702
2091.0,0.9513461538461538,0.0024837016461357153,0.9963310147332556,0.9988147163793915
2101.0,0.953,0.0025540488176626205,0.9963256798184401,0.9988797286361029
2111.0,0.948,0.9288439259989605,0.13006377522989848,1.0589077012288592
2121.0,0.9526923076923077,0.003963443975956493,0.9950689687503638,0.9990324127263203
2131.0,0.9517307692307693,0.002936841229619626,0.996595363087463,0.9995322043170826
2141.0,0.9529230769230769,0.00315908215722391,0.9967611907823802,0.999920272939604
2151.0,0.9446538461538462,0.9872041617310853,0.10253990608354763,1.089744067814633
2161.0,0.9474615384615385,0.5098577068448117,0.5356785598901597,1.0455362667349712
2171.0,0.9527692307692308,0.0027563387942468156,0.9966775521621078,0.9994338909563546
2181.0,0.953076923076923,0.0030780206350212763,0.9972840246201504,1.0003620452551716
2191.0,0.9529230769230769,0.003350423751421093,0.996653842543012,1.000004266294433
2201.0,0.9484230769230769,0.007709438458669521,0.994780934290651,1.0024903727493204
2211.0,0.9468461538461539,0.09393405490076116,0.9385660053251814,1.0325000602259427
2221.0,0.9501153846153846,0.10656036374868583,0.9285872187360993,1.0351475824847851
2231.0,0.9488846153846154,0.26924500317457123,0.7701686511426714,1.0394136543172425
2241.0,0.9488461538461539,0.21840749543368562,0.8199709532235185,1.038378448657204
2251.0,0.9488461538461539,0.26383262115047196,0.7757729722001407,1.0396055933506128
2261.0,0.9477307692307693,0.7775310573875276,0.27743191215231416,1.054962969539842
2271.0,0.946076923076923,0.3125220170694888,0.7342058171012226,1.0467278341707116
2281.0,0.9454615384615385,0.6687033637927573,0.3845891754054478,1.053292539198205
2291.0,0.9498461538461539,0.020363369960955804,0.9574061085019545,0.9777694784629103
2301.0,0.9512307692307692,0.004365197645618682,0.9957008102258886,1.0000660078715076
2311.0,0.9498076923076924,0.007914381973801381,0.9944508762773947,1.002365258251196
2321.0,0.9521923076923077,0.01083242989667085,0.9939346225649645,1.0047670524616352
2331.0,0.9515769230769231,0.014337578401834125,0.9758727066915034,0.9902102850933375
2341.0,0.9513461538461538,0.005638649413852907,0.9785699201518692,0.9842085695657221
2351.0,0.9526538461538462,0.005515264119909904,0.9799398288046804,0.9854550929245903
2361.0,0.9528076923076924,0.004265376698244809,0.9748377871444522,0.979103163842697
2371.0,0.9525769230769231,0.005052048222417014,0.9938073413972242,0.9988593896196409
2381.0,0.9466923076923077,0.9924170531872509,0.12423888696030697,1.1166559401475578
2391.0,0.9471923076923077,0.9792353754477234,0.8164347246476246,1.7956701000953477
2401.0,0.9477307692307693,0.9895497211716533,0.10287732433654723,1.0924270455082004
2411.0,0.9516538461538462,0.00380422218770016,0.9892193130312413,0.9930235352189414
2421.0,0.9517307692307693,0.008948820361516547,0.9904747820082277,0.9994236023697444
2431.0,0.9474230769230769,0.9886720532169374,0.13399904047808348,1.1226710936950208
2441.0,0.9467307692307693,0.9921527211359247,0.08934638008818985,1.0814991012241146
2451.0,0.9465,0.7476302987452714,0.3178020912379286,1.0654323899832
2461.0,0.9483076923076923,0.9879438893566109,0.08690703853688961,1.0748509278935006
2471.0,0.9524230769230769,0.0034413193141017233,0.9907352985676833,0.9941766178817849
2481.0,0.9538076923076924,0.0035653923060904986,0.9958008781823926,0.9993662704884831
2491.0,0.9487692307692308,0.9865725360088804,0.1694196286593016,1.1559921646681823
2501.0,0.9474230769230769,0.9891305924480457,0.08598255836764117,1.0751131508156866
2511.0,0.9486153846153846,0.9890955010925468,0.08662805262329888,1.0757235537158458
2521.0,0.9534230769230769,0.003722277092378594,0.9957813142763317,0.9995035913687103
2531.0,0.946076923076923,0.9925229158257644,0.08674352909409062,1.0792664449198548
2541.0,0.9458846153846154,0.9911723415621759,0.0827946639959634,1.0739670055581396
2551.0,0.9455769230769231,0.9909268004127617,0.07413334227816828,1.0650601426909299
2561.0,0.9623076923076923,0.11221045488165894,0.9161973359135371,1.028407790795196
2571.0,0.9555,0.36332618249319426,0.6744270396578481,1.0377532221510426
2581.0,0.945923076923077,0.9480832154611881,0.13216577015372494,1.0802489856149131
2591.0,0.950076923076923,0.9298949937717639,0.14572259605902352,1.0756175898307876
2601.0,0.9492692307692308,0.909166005809675,0.158789919455245,1.06795592526492
2611.0,0.9543461538461538,0.0050291860600943355,0.9950244223286715,1.000053608388766
2621.0,0.954,0.005607912231953606,0.9946916532456452,1.000299565477599
2631.0,0.9541538461538461,0.005621710923488886,0.9950702087485083,1.0006919196719972
2641.0,0.95,0.924062744763199,0.13976868673087245,1.0638314314940713
2651.0,0.9466923076923077,0.9396357729001641,0.2336109563416332,1.1732467292417972
2661.0,0.9475769230769231,0.9350845257037168,0.23865569858433777,1.1737402242880546
2671.0,0.948,0.9222416103625796,0.22346603954257213,1.1457076499051515
2681.0,0.9538846153846153,0.005441088212169764,0.9938777906679983,0.999318878880168
2691.0,0.9479230769230769,0.8964651258704904,0.23886304328737887,1.1353281691578694
2701.0,0.9461153846153846,0.8786865801088533,0.6128609736165985,1.491547553725452
2711.0,0.9485769230769231,0.4274892749867541,0.9422164912032344,1.3697057661899883
2721.0,0.9522307692307692,0.006111580113937581,0.9933456377086085,0.9994572178225463
2731.0,0.9537692307692308,0.0076746451051468755,0.9944887484030984,1.002163393508245
2741.0,0.9539615384615384,0.011525379234321932,0.9916672528655288,1.0031926320998508
2751.0,0.9546153846153846,0.006606931437857386,0.9936166644413502,1.0002235958792076
2761.0,0.9536153846153846,0.006886460312460976,0.9900151224229967,0.9969015827354576
2771.0,0.9538076923076924,0.007428898024559076,0.9936117119966992,1.0010406100212583
2781.0,0.954076923076923,0.009330338601791256,0.9939754308884711,1.0033057694902625
2791.0,0.9537307692307693,0.009155365111843953,0.9940415304237401,1.003196895535584
2801.0,0.9539615384615384,0.007090973663956534,0.9949979420451621,1.0020889157091186
2811.0,0.9544615384615385,0.006590936518960774,0.9952821488788517,1.0018730853978124
2821.0,0.9541923076923077,0.007947292678496146,0.9939084707588655,1.0018557634373615
2831.0,0.9538461538461539,0.011096969690449607,0.9918363263372947,1.0029332960277442
2841.0,0.9539615384615384,0.008846919195010518,0.9949996547667479,1.0038465739617586
2851.0,0.9543461538461538,0.0170366700270518,0.9906164887330939,1.0076531587601458
2861.0,0.9522692307692308,0.013725611542000095,0.992092306030601,1.005817917572601
2871.0,0.9523076923076923,0.012160931926888927,0.9921807243221844,1.0043416562490732
2881.0,0.9519615384615384,0.01565029929040104,0.9914666163077689,1.0071169155981703
2891.0,0.9552307692307692,0.0074159630607487405,0.9956351265491736,1.0030510896099223
2901.0,0.953,0.010832319092661007,0.9939383967708144,1.0047707158634753
2911.0,0.953,0.009404048405951035,0.9939636922601609,1.0033677406661121
2921.0,0.9530384615384615,0.013139031216698807,0.9912109858853607,1.0043500171020596
2931.0,0.9541923076923077,0.010040443433587726,0.9946113676873235,1.0046518111209113
2941.0,0.9537692307692308,0.013003061321754278,0.9931522416711626,1.006155302992917
2951.0,0.9518076923076924,0.016016177921067343,0.9924374019332913,1.0084535798543586
2961.0,0.9535,0.01577827826727797,0.9920341904511462,1.0078124687184242
2971.0,0.9533461538461538,0.016216958055815255,0.9904300249514977,1.0066469830073128
2981.0,0.9527307692307693,0.019629910606661815,0.9891264635682525,1.0087563741749144
2991.0,0.9527692307692308,0.012957262145900691,0.9936556546700832,1.006612916815984
3001.0,0.9537307692307693,0.01540468098636235,0.9899210369735515,1.005325717959914
3011.0,0.9535769230769231,0.011664373083625636,0.9914987578491857,1.0031631309328115
3021.0,0.953076923076923,0.0202133215426991,0.9885406440494409,1.00875396559214
3031.0,0.9543846153846154,0.009578825888433902,0.9942418276219193,1.003820653510353
3041.0,0.9537692307692308,0.012633725412093738,0.9923025084173198,1.0049362338294134
3051.0,0.951076923076923,0.016831061362721365,0.9895058773042265,1.0063369386669478
3061.0,0.9524230769230769,0.01654069843396755,0.9902149088784299,1.0067556073123978
3071.0,0.9523846153846154,0.012858818962634381,0.991444049782953,1.0043028687455873
3081.0,0.9496538461538462,0.008154851343743011,0.9917772310209586,0.9999320823647015
3091.0,0.9543076923076923,0.006353905137519623,0.9947683184060622,1.0011222235435817
3101.0,0.9539615384615384,0.01014955828254978,0.9922049151914828,1.0023544734740326
3111.0,0.9447692307692308,0.006048582079292281,0.9961537747537214,1.0022023568330138
3121.0,0.9546538461538462,0.008135276914917066,0.9935208176488487,1.0016560945637656
3131.0,0.9545,0.00855563529322302,0.9933490507193503,1.0019046860125733
3141.0,0.9555,0.0074438694356602515,0.9945314413640319,1.0019753107996925
3151.0,0.9545384615384616,0.009115628479040837,0.9928659840417489,1.0019816125207897
3161.0,0.9541538461538461,0.008139553395933264,0.9935975051736988,1.0017370585696321
3171.0,0.9541153846153846,0.006250147472527194,0.9951331910909892,1.0013833385635165
3181.0,0.9547307692307693,0.008138254322333855,0.9947955541430088,1.0029338084653425
3191.0,0.9548076923076924,0.005713421519705103,0.9955247018168683,1.0012381233365735
3201.0,0.9475,0.005162259686284316,0.9958485136769507,1.0010107733632347
3211.0,0.9548846153846153,0.005684300678645484,0.9959757390617208,1.0016600397403663
3221.0,0.9542307692307692,0.009511481932691334,0.9939618576843355,1.003473339617027
3231.0,0.9541923076923077,0.01084695992957763,0.9927029033925673,1.003549863322145
3241.0,0.9547307692307693,0.00862305467065288,0.9948470019593648,1.0034700566300179
3251.0,0.9544615384615385,0.010307560741015114,0.9936045614301677,1.0039121221711829
3261.0,0.9554230769230769,0.010670313943321135,0.9944128699685224,1.0050831839118435
3271.0,0.9545384615384616,0.012714179701055518,0.9932271492910832,1.0059413289921388
3281.0,0.9541153846153846,0.01239596896357567,0.9928981925875803,1.005294161551156
3291.0,0.9547307692307693,0.00906982529179698,0.99514571582866,1.0042155411204567
3301.0,0.9550384615384615,0.012626572913551742,0.9908994446578163,1.003526017571368
3311.0,0.9547307692307693,0.00882746784419586,0.9952053734167073,1.0040328412609032
3321.0,0.9540384615384615,0.011535545926561095,0.9929676338373774,1.0045031797639385
3331.0,0.9535,0.010945895888526841,0.9935139148211662,1.0044598107096931
3341.0,0.9549230769230769,0.013435537011048805,0.9922767935190303,1.005712330530079
3351.0,0.9545,0.012365972707957416,0.9938590625156599,1.0062250352236173
3361.0,0.9553076923076923,0.010834983165000882,0.9940947786142751,1.004929761779276
3371.0,0.9534615384615385,0.010391806029846181,0.9930005945921953,1.0033924006220414
3381.0,0.9550384615384615,0.010771631227371533,0.993848477144772,1.0046201083721433
3391.0,0.9551923076923077,0.009232327708546487,0.9932347734080182,1.0024671011165647
3401.0,0.9549230769230769,0.009091565660602216,0.9941459473868266,1.0032375130474287
3411.0,0.9551538461538461,0.011122921525726363,0.9925346849638261,1.0036576064895526
3421.0,0.9525769230769231,0.016797009424846118,0.9914324958580886,1.0082295052829346
3431.0,0.954076923076923,0.012599996179823192,0.9873684895391759,0.9999684857189991
3441.0,0.9552692307692308,0.008512469458091622,0.9946266228620221,1.0031390923201136
3451.0,0.9546923076923077,0.007579434401016168,0.9941021872119478,1.001681621612964
3461.0,0.9552307692307692,0.009318482898842568,0.9925631826573008,1.0018816655561433
3471.0,0.9549615384615384,0.008237231180376642,0.9936176152480598,1.0018548464284365
3481.0,0.9557692307692308,0.009514795312172331,0.9941001799792863,1.003614975291459
3491.0,0.953,0.011231632697430738,0.9917358080137092,1.0029674407111397
3501.0,0.9546538461538462,0.01368796663022593,0.992109510221313,1.005797476851539
3511.0,0.9553846153846154,0.009490882499138965,0.9939856895659379,1.003476572065077
3521.0,0.9548076923076924,0.012170981115618887,0.9925053847571966,1.0046763658728157
3531.0,0.9546923076923077,0.010603461000324315,0.9937832210715509,1.0043866820718754
3541.0,0.9553461538461538,0.013483485421419457,0.9911580860953246,1.004641571516744
3551.0,0.9543461538461538,0.012234680900850555,0.9922021614228336,1.0044368423236842
3561.0,0.9550384615384615,0.012483164616910432,0.990481204687736,1.0029643693046464
3571.0,0.9538076923076924,0.008962978201856982,0.9941977551235619,1.0031607333254189
3581.0,0.9547692307692308,0.010851889576469341,0.9930914638836559,1.0039433534601254
3591.0,0.9554615384615385,0.011007715026731089,0.9914969222717335,1.0025046372984647
3601.0,0.9545769230769231,0.01083821878224472,0.9924359186741786,1.0032741374564234
3611.0,0.9550384615384615,0.009939263843481731,0.9936311056720865,1.0035703695155682
3621.0,0.9548076923076924,0.011861270361102544,0.9932423004662231,1.0051035708273257
3631.0,0.9549230769230769,0.009288407940399493,0.9943119076783803,1.0036003156187798
3641.0,0.9545,0.011156116901493778,0.9931629792200024,1.004319096121496
3651.0,0.9543846153846154,0.010316570050596132,0.993739269196647,1.0040558392472432
3661.0,0.9548846153846153,0.008660923943868398,0.994189970325156,1.0028508942690242
3671.0,0.9554615384615385,0.009726958094884794,0.9939732217940531,1.003700179888938
3681.0,0.9542307692307692,0.007363017775398103,0.9951445235369794,1.0025075413123776
3691.0,0.9550384615384615,0.008627671172180365,0.9949716255231252,1.0035992966953056
3701.0,0.9546538461538462,0.006749591032548245,0.995813079441019,1.002562670473567
3711.0,0.9537692307692308,0.009872609708225068,0.9938312735564957,1.0037038832647207
3721.0,0.9555384615384616,0.008341807206464536,0.9934017607069268,1.0017435679133915
3731.0,0.9551538461538461,0.009707685341980994,0.9928795131528109,1.002587198494792
3741.0,0.9549230769230769,0.006972400020258483,0.9951960997513736,1.002168499771632
3751.0,0.9534230769230769,0.007822996185155901,0.9945326238739738,1.0023556200591297
3761.0,0.9539615384615384,0.008816497256773269,0.9812756519786154,0.9900921492353885
3771.0,0.9556538461538462,0.009137350027053504,0.9937181453690388,1.0028554953960924
3781.0,0.9551538461538461,0.008073137313396445,0.9936297992374045,1.0017029365508008
3791.0,0.9546538461538462,0.011617141112555594,0.9909622008809742,1.0025793419935296
3801.0,0.9525769230769231,0.011779415523344295,0.9746001370331386,0.9863795525564829
3811.0,0.9528461538461539,0.012146038411182607,0.9723964731676072,0.9845425115787899
3821.0,0.9535,0.010110452588960945,0.9935256425234484,1.0036360951124093
3831.0,0.9531153846153846,0.011101642402824179,0.9763735521679756,0.9874751945707997
3841.0,0.9536153846153846,0.010850178313856446,0.9749571492849232,0.9858073275987795
3851.0,0.9545384615384616,0.010789287990953808,0.9875385848834661,0.9983278728744199
3861.0,0.9527307692307693,0.017580854130330018,0.9714111711918739,0.9889920253222039
3871.0,0.9546923076923077,0.008930047885286027,0.9933291296086505,1.0022591774939364
3881.0,0.9544615384615385,0.009704966628582438,0.9876144453674616,0.9973194119960438
3891.0,0.9539230769230769,0.011330102523718893,0.977431126909215,0.9887612294329338
3901.0,0.9528461538461539,0.01291628658617951,0.9799666714678276,0.9928829580540071
3911.0,0.9540384615384615,0.011170806058493868,0.9807308643103977,0.9919016703688915
3921.0,0.9535,0.015862982785638465,0.9743853993986011,0.9902483821842395
3931.0,0.9546538461538462,0.012341926163017191,0.9891305882362292,1.0014725143992462
3941.0,0.9554230769230769,0.011043671487511062,0.9929558872420186,1.0039995587295296
3951.0,0.9553076923076923,0.013699687811819043,0.988716923427394,1.002416611239213
3961.0,0.9544615384615385,0.01044949777693016,0.9830354423876221,0.9934849401645524
3971.0,0.9546153846153846,0.010819096862376296,0.985005446757167,0.9958245436195432
3981.0,0.9541538461538461,0.011996049651916243,0.9751930505903671,0.9871891002422833
3991.0,0.9545769230769231,0.012725073562449698,0.9810800108179879,0.9938050843804375
4001.0,0.9536923076923077,0.010985148308621974,0.9771227435945755,0.9881078919031976
4011.0,0.9548461538461539,0.011191087184249828,0.9800451914061203,0.9912362785903704
4021.0,0.956076923076923,0.010063541746623939,0.9928549617872324,1.0029185035338564
4031.0,0.9556538461538462,0.008993918567065223,0.9942745764739518,1.003268495041017
4041.0,0.9537692307692308,0.010811191758201777,0.9842338800892754,0.995045071847477
4051.0,0.9546923076923077,0.010306998411871873,0.9802474151870418,0.9905544135989138
4061.0,0.9547692307692308,0.011566954468691607,0.9929376210619041,1.0045045755305957
4071.0,0.9536923076923077,0.012872828125594616,0.97404744416953,0.9869202722951247
4081.0,0.9546538461538462,0.009987080136604562,0.9821136533912321,0.9921007335278365
4091.0,0.9560384615384615,0.012451385002694437,0.990407517503778,1.0028589025064727
4101.0,0.9543461538461538,0.010885802914262818,0.9822828197195023,0.9931686226337653
4111.0,0.9550384615384615,0.00973850314268468,0.9859304786548962,0.995668981797581
4121.0,0.9528846153846153,0.013308505817835879,0.9688841661864548,0.9821926720042906
4131.0,0.9556923076923077,0.011456408128232284,0.9896544480777765,1.001110856206009
4141.0,0.9553846153846154,0.012675320511651286,0.9917602285999478,1.004435549111599
4151.0,0.9538461538461539,0.014050437679339528,0.9766920651837677,0.9907425028631073
4161.0,0.9541153846153846,0.01274106502747138,0.9782081292725044,0.9909491942999759
4171.0,0.9549230769230769,0.01197105979133403,0.9885520986634743,1.0005231584548082
4181.0,0.9548461538461539,0.013210438669581694,0.9783930791144898,0.9916035177840714
4191.0,0.9558076923076924,0.010977540264124555,0.9920311233885327,1.0030086636526574
4201.0,0.9547692307692308,0.011366095867904448,0.9856565027669841,0.9970225986348886
4211.0,0.9551538461538461,0.009461937811996156,0.9930945461466588,1.002556483958655
4221.0,0.9553461538461538,0.010484466081072875,0.9898859878348576,1.0003704539159306
4231.0,0.9552692307692308,0.010681382497151743,0.9928447088995522,1.003526091396704
4241.0,0.9552692307692308,0.009982294373142641,0.9934322225230424,1.003414516896185
4251.0,0.9550384615384615,0.009873010330013863,0.9875288846448276,0.9974018949748416
4261.0,0.9548461538461539,0.010774409171690535,0.9801480163781562,0.9909224255498468
4271.0,0.953076923076923,0.013030571241073416,0.9768107518773542,0.9898413231184277
4281.0,0.9537307692307693,0.014577156580421047,0.9763432742710217,0.9909204308514428
4291.0,0.9536538461538462,0.012787738971037497,0.9888616550071744,1.001649393978212
4301.0,0.9541538461538461,0.016544107068583478,0.9703880981187213,0.9869322051873047
4311.0,0.9533846153846154,0.016879013603626848,0.9690200937027578,0.9858991073063846
4321.0,0.9533461538461538,0.017562036521658837,0.9712808059520497,0.9888428424737085
4331.0,0.9558846153846153,0.017383324235433324,0.9881077638083703,1.0054910880438037
4341.0,0.9545,0.021876234999751807,0.9864909049909134,1.008367139990665
4351.0,0.9532692307692308,0.021873434833886752,0.9732633409116748,0.9951367757455615
4361.0,0.9529230769230769,0.01935952228555871,0.9688753197386115,0.9882348420241701
4371.0,0.9565769230769231,0.018335580828992972,0.987114812798676,1.005450393627669
4381.0,0.95,0.01978679521847544,0.9870863913578166,1.0068731865762923
4391.0,0.9561538461538461,0.020103925971082237,0.9862205475816825,1.0063244735527648
4401.0,0.9549230769230769,0.021237037519507035,0.9752013194139058,0.996438356933413
4411.0,0.9558846153846153,0.02079521657524745,0.988026669000668,1.0088218855759155
4421.0,0.9551923076923077,0.01868973248761853,0.9858977420606615,1.00458747454828
4431.0,0.9503461538461538,0.3661631250655928,0.942783745971148,1.308946871036741
4441.0,0.9529615384615384,0.023805936717651077,0.98069287965516,1.004498816372811
4451.0,0.9521538461538461,0.46663605365835914,0.948725812110655,1.415361865769014
4461.0,0.9557307692307693,0.08397818898375244,0.9623353155065177,1.04631350449027
4471.0,0.9532692307692308,0.18105353255751228,0.9267763649950606,1.1078298975525729
4481.0,0.9483846153846154,0.5029175434999504,0.9489074667866978,1.4518250102866481
4491.0,0.9487692307692308,0.562985554919579,0.8961115974471515,1.4590971523667304
4501.0,0.9470384615384615,0.5407014770390295,0.9157798432373686,1.456481320276398
4511.0,0.9517692307692308,0.4762993576555045,0.9479563563777055,1.4242557140332097
4521.0,0.9537307692307693,0.14065393883960411,0.9482861645109585,1.0889401033505626
4531.0,0.9501923076923077,0.38683636499738816,0.952115530043941,1.338951895041329
4541.0,0.9541153846153846,0.4456565808628389,0.9498047063184007,1.3954612871812395
4551.0,0.9454615384615385,0.7578092939868665,0.8334446238446863,1.5912539178315528
4561.0,0.9569615384615384,0.32444937853075667,0.9542683894606128,1.2787177679913693
4571.0,0.9513461538461538,0.474732162839975,0.9445858240608552,1.4193179869008297
4581.0,0.9483076923076923,0.48727102808392586,0.9305510283009902,1.4178220563849158
4591.0,0.9508461538461539,0.46651412098178885,0.9255882886065259,1.392102409588315
4601.0,0.9538461538461539,0.4836339465913468,0.9174864788966991,1.4011204254880458
4611.0,0.9491153846153846,0.4915947534111767,0.9099138554610884,1.4015086088722646
4621.0,0.9446923076923077,0.7749100520768626,0.807391333502821,1.5823013855796837
4631.0,0.9526538461538462,0.11888548550603496,0.9484714111824173,1.0673568966884521
4641.0,0.9474230769230769,0.41977468807736307,0.9467183384752873,1.3664930265526503
4651.0,0.9498461538461539,0.5366540404514367,0.890732831053988,1.4273868715054248
4661.0,0.9496538461538462,0.42925620931774194,0.9487055083877367,1.3779617177054788
4671.0,0.9487307692307693,0.39751447251507155,0.9497126637800762,1.3472271362951478
4681.0,0.9521923076923077,0.37678538337432754,0.9565209714371206,1.333306354811448
4691.0,0.9547692307692308,0.08130216184236412,0.9619920743410687,1.0432942361834328
4701.0,0.9555769230769231,0.3211586373006189,0.9598488005098799,1.2810074378104988
4711.0,0.9524230769230769,0.37567757005568864,0.9456222181582714,1.32129978821396
4721.0,0.9531153846153846,0.3918964407711982,0.9505640425388363,1.3424604833100344
4731.0,0.9479615384615384,0.6034456065035559,0.8921560503790075,1.4956016568825636
4741.0,0.9463076923076923,0.48747852282636056,0.9121246791820903,1.3996032020084506
4751.0,0.947,0.49643904301394914,0.9089258504102916,1.405364893424241
4761.0,0.9473076923076923,0.6717485592365493,0.8721189335931174,1.543867492829667
4771.0,0.9481923076923077,0.4186494255441477,0.9257985863676427,1.3444480119117903
4781.0,0.9548076923076924,0.04687927406412887,0.9760083210890722,1.0228875951532013
4791.0,0.9534615384615385,0.38089296288480406,0.9493404647105256,1.3302334275953298
4801.0,0.9515384615384616,0.3692318671366564,0.9525340354475692,1.3217659025842257
4811.0,0.9526153846153846,0.2813342936556133,0.9574263075771196,1.2387606012327326
4821.0,0.9541538461538461,0.3238214563855409,0.9565833050111603,1.2804047613967011
4831.0,0.9503846153846154,0.4140523416065619,0.9253711486930802,1.339423490299642
4841.0,0.9515384615384616,0.39781088374769213,0.9380787438019701,1.3358896275496621
4851.0,0.9498846153846154,0.6747315811097628,0.871209617865441,1.5459411989752037
4861.0,0.9471153846153846,0.4201675039047233,0.9174897966247381,1.3376573005294612
4871.0,0.9512307692307692,0.3729994889142904,0.9222979692562827,1.2952974581705732
4881.0,0.9531538461538461,0.2981292202714254,0.952829480750493,1.2509587010219183
4891.0,0.9553846153846154,0.3149704425221302,0.9618761552934341,1.276846597815564
4901.0,0.9514230769230769,0.3206398581286262,0.9464751517841673,1.2671150099127937
4911.0,0.9500384615384615,0.3106484876270866,0.9534183184282592,1.2640668060553457
4921.0,0.9508076923076924,0.41311725570111624,0.9231161496241339,1.33623340532525
4931.0,0.9529615384615384,0.3254587271535273,0.9495290967153036,1.274987823868831
4941.0,0.9507692307692308,0.35913438758759775,0.9312721835653704,1.2904065711529682
4951.0,0.9481538461538461,0.3957626428519442,0.9329364627373146,1.3286991055892587
4961.0,0.9555,0.313647913196386,0.953560769588993,1.2672086827853792
4971.0,0.9488076923076924,0.5026118217558864,0.9074222079239613,1.4100340296798477
4981.0,0.9555769230769231,0.2956240227908131,0.9655009159071413,1.2611249386979546
4991.0,0.9561538461538461,0.3262961602246072,0.9493890089247966,1.275685169149404
5001.0,0.9531538461538461,0.3056489753251958,0.9626485129287236,1.2682974882539195
5011.0,0.9492307692307692,0.38688518872020083,0.9128987357769639,1.299783924497165
5021.0,0.9539230769230769,0.30212287464607274,0.9585862926033718,1.2607091672494446
5031.0,0.9519615384615384,0.3206387711078857,0.9396842882497276,1.2603230593576134
5041.0,0.9506923076923077,0.3677966902785611,0.9250463734911044,1.2928430637696655
5051.0,0.9492307692307692,0.31435203163356096,0.9427903366903656,1.2571423683239265
5061.0,0.9505384615384616,0.2886909400543919,0.9453795941856287,1.2340705342400204
5071.0,0.9572307692307692,0.2657640418429266,0.9703560205108054,1.236120062353732
5081.0,0.9567692307692308,0.27710048209455557,0.9535884186939433,1.2306889007884987
5091.0,0.9502692307692308,0.31405826230922357,0.9264070731100924,1.2404653354193158
5101.0,0.9504230769230769,0.2723048027555114,0.9472658914835611,1.2195706942390725
5111.0,0.9542307692307692,0.2543535844380931,0.9573654318073705,1.2117190162454639
5121.0,0.9509230769230769,0.27698493287625414,0.9589049414209236,1.2358898742971778
5131.0,0.9496923076923077,0.38380890013381697,0.9188113374884399,1.302620237622257
5141.0,0.9538461538461539,0.27261419435520146,0.9464120239565373,1.2190262183117389
5151.0,0.9506153846153846,0.328199721564321,0.9303211391144649,1.2585208606787859
5161.0,0.9531538461538461,0.2221680709728992,0.9662171428471545,1.188385213820054
5171.0,0.9485384615384616,0.3376218714689035,0.9317328858768431,1.2693547573457467
5181.0,0.9491153846153846,0.3298872498774741,0.9181378206083505,1.2480250704858242
5191.0,0.9531153846153846,0.2857133279219674,0.936411565481555,1.2221248934035225
5201.0,0.9545,0.27799145551515075,0.9610077621861227,1.2389992177012734
5211.0,0.9518846153846154,0.2960244026551595,0.9484874078601306,1.2445118105152901
5221.0,0.9478846153846154,0.4524440907123167,0.9007784531778034,1.3532225438901204
5231.0,0.9561538461538461,0.28273727991784575,0.9557726664551921,1.2385099463730378
5241.0,0.9563076923076923,0.1593499976254065,0.9701931574281795,1.1295431550535857
5251.0,0.9585769230769231,0.2677275666486121,0.9646864734312084,1.2324140400798205
5261.0,0.9555769230769231,0.2857126676194914,0.9635296706358615,1.249242338255353
5271.0,0.949076923076923,0.2921295780114901,0.9378357462676038,1.2299653242790938
5281.0,0.9569230769230769,0.2327465377050689,0.9622161651143532,1.1949627028194219
5291.0,0.9543846153846154,0.26967464025074583,0.9525880318137155,1.2222626720644614
5301.0,0.9548076923076924,0.06217371979621694,0.9787628560908144,1.0409365758870315
5311.0,0.9559615384615384,0.06727608122658148,0.9749206332782789,1.0421967145048605
5321.0,0.9546538461538462,0.0751283093671232,0.9674504642208129,1.0425787735879362
5331.0,0.9571538461538461,0.04070076048848119,0.9812059087987116,1.0219066692871928
5341.0,0.9568461538461538,0.04130235995279389,0.9822711524955621,1.023573512448356
5351.0,0.9568846153846153,0.04833401461766545,0.9759020109489488,1.0242360255666143
5361.0,0.9587692307692308,0.02912455246824685,0.9813307477531911,1.010455300221438
5371.0,0.9589615384615384,0.039777267800983895,0.9819504938018887,1.0217277616028726
5381.0,0.9570384615384615,0.048157403600342256,0.974308925640699,1.022466329241041
5391.0,0.9573076923076923,0.041883958569430405,0.9790275223769627,1.020911480946393
5401.0,0.9562692307692308,0.06054438322584688,0.9717935224577444,1.0323379056835913
5411.0,0.9568076923076924,0.0598407957531443,0.9680389368304138,1.027879732583558
5421.0,0.9565769230769231,0.11762582495350464,0.9528386738995873,1.070464498853092
5431.0,0.9577307692307693,0.07178365043816184,0.9644680279774268,1.0362516784155886
5441.0,0.9565384615384616,0.08455960132494383,0.9594579845106013,1.044017585835545
5451.0,0.9578846153846153,0.06394652361263341,0.9681471403609931,1.0320936639736262
5461.0,0.9561923076923077,0.08617089585492142,0.9580047582200375,1.044175654074959
5471.0,0.9577692307692308,0.06746224732181656,0.9639370740766767,1.0313993213984933
5481.0,0.957076923076923,0.07503141480444876,0.9583421769915174,1.033373591795966
5491.0,0.9563076923076923,0.0721617144768128,0.9604870673567978,1.0326487818336105
5501.0,0.9572307692307692,0.067125862257144,0.9680441915197189,1.0351700537768627
5511.0,0.9574615384615385,0.059196081339921595,0.9707046899391214,1.0299007712790431
5521.0,0.9581538461538461,0.06960761826208926,0.961266359979972,1.0308739782420613
5531.0,0.9573076923076923,0.07455349788301396,0.9571904392535389,1.0317439371365529
5541.0,0.9571538461538461,0.06289130860604755,0.9680541450815748,1.0309454536876226
5551.0,0.9570384615384615,0.07405933724390747,0.9623336971820647,1.0363930344259722
5561.0,0.9579230769230769,0.06758139392142715,0.9650427424949527,1.0326241364163797
5571.0,0.9555769230769231,0.09379487565870617,0.9563132640901635,1.0501081397488694
5581.0,0.9572307692307692,0.0788685448848413,0.9659275920567622,1.0447961369416034
5591.0,0.958,0.07070001811610475,0.9648004512575316,1.0355004693736363
5601.0,0.9574615384615385,0.06325311771135958,0.9669402006812758,1.0301933183926355
5611.0,0.9584615384615385,0.057643363235971655,0.9685295571810884,1.02617292041706
5621.0,0.9558461538461539,0.09265662566498252,0.9465679934534296,1.039224619118412
5631.0,0.9586538461538462,0.07243999918381042,0.9652609351252939,1.0377009343091042
5641.0,0.9568846153846153,0.0708293703431293,0.969339769813287,1.0401691401564164
5651.0,0.9582307692307692,0.05244544818947162,0.9724275243316101,1.024872972521082
5661.0,0.9572307692307692,0.07033482040092676,0.9634464917426648,1.0337813121435915
5671.0,0.9567692307692308,0.07224047369496128,0.9639968073792606,1.036237281074222
5681.0,0.957076923076923,0.07328030866071947,0.9657684635163207,1.0390487721770403
5691.0,0.9566538461538462,0.0702234143695923,0.9729449013298144,1.0431683156994065
5701.0,0.9548846153846153,0.1384416717961284,0.9466630937890242,1.0851047655851525
5711.0,0.9573076923076923,0.0682991985811869,0.9638938964717767,1.0321930950529636
5721.0,0.9574230769230769,0.06920109233018099,0.962478065990123,1.031679158320304
5731.0,0.9577692307692308,0.07195196577497252,0.9691294185801714,1.041081384355144
5741.0,0.9578846153846153,0.06169659952438404,0.9665523089176385,1.0282489084420225
5751.0,0.9565,0.07611979008002759,0.961813109462928,1.0379328995429555
5761.0,0.9573846153846154,0.07964545786129205,0.952419856320915,1.032065314182207
5771.0,0.9581153846153846,0.0743400701189145,0.9667032111093108,1.0410432812282255
5781.0,0.9573076923076923,0.06724518057892893,0.9711882668494587,1.0384334474283876
5791.0,0.9587692307692308,0.07034731284612425,0.9684232803845233,1.0387705932306475
5801.0,0.9574615384615385,0.06002360254109928,0.9701937079997993,1.0302173105408987
5811.0,0.9558461538461539,0.07068335108219846,0.9610829446626764,1.031766295744875
5821.0,0.9543461538461538,0.1103350814873691,0.9480818306925584,1.0584169121799278
5831.0,0.9551538461538461,0.08217981986179601,0.9548572956787287,1.0370371155405245
5841.0,0.9557307692307693,0.0898155637541381,0.956342486862457,1.046158050616595
5851.0,0.9562307692307692,0.07699341451867127,0.9548397904504173,1.0318332049690886
5861.0,0.9575,0.058320020920562834,0.9684373684060861,1.026757389326649
5871.0,0.9563846153846154,0.07134238139991424,0.9614284951784385,1.032770876578353
5881.0,0.9559230769230769,0.09104446114314321,0.9507472748795606,1.0417917360227038
5891.0,0.9543846153846154,0.0887221830914374,0.946058904240301,1.0347810873317385
5901.0,0.9558461538461539,0.10426928581084398,0.9411140213191885,1.0453833071300322
5911.0,0.9562307692307692,0.08709758788527146,0.9566109991861745,1.043708587071446
5921.0,0.9574230769230769,0.08310320435847891,0.9647026377243212,1.0478058420828003
5931.0,0.9575,0.07818255370119437,0.9660913976429397,1.0442739513441341
5941.0,0.9507307692307693,0.16575385577786228,0.9266130469469113,1.0923669027247738
5951.0,0.9533846153846154,0.10112459986150385,0.9336176984864993,1.034742298348003
5961.0,0.9498846153846154,0.2677278421260442,0.9159229656360073,1.1836508077620516
5971.0,0.9485,1.0091821889013297,0.8768949707419696,1.8860771596432995
5981.0,0.949,0.9487201728049343,0.8989248408630589,1.8476450136679932
5991.0,0.9478461538461539,1.010967179480962,0.7739049652492453,1.7848721447302076
6001.0,0.9492307692307692,0.9939207811262498,0.8441322405643582,1.838053021690608
6011.0,0.9466153846153846,1.0031067019135198,0.8582214490825273,1.8613281509960469
6021.0,0.9485,0.9989362329148582,0.876113250147251,1.8750494830621096
6031.0,0.9473846153846154,1.0115873027485556,0.7688644834684307,1.7804517862169862
6041.0,0.9468846153846154,0.9972868597936082,0.8836169298139148,1.8809037896075231
6051.0,0.9473076923076923,1.012897690668742,0.7314488015717866,1.744346492240529
6061.0,0.9490384615384615,1.0057098008019525,0.6677557151994636,1.6734655160014162
6071.0,0.9454230769230769,1.007654876304031,0.6907701643874772,1.6984250406915085
6081.0,0.9483846153846154,0.9969750185249002,0.6676707582629242,1.6646457767878242
6091.0,0.9461923076923077,1.0283585633113084,0.78847813904758,1.8168367023588885
6101.0,0.9486923076923077,1.0105594734327787,0.7528717023732202,1.7634311758059988
6111.0,0.943923076923077,1.0082513368594976,0.6676553056371644,1.675906642496662
6121.0,0.9497307692307693,0.9991565099125698,0.682811585329509,1.6819680952420788
6131.0,0.946076923076923,1.0163835261614518,0.7031118115517898,1.7194953377132414
6141.0,0.9531538461538461,0.9808519926239254,0.6648309961201622,1.6456829887440878
6151.0,0.9533076923076923,0.9733448768879327,0.6500001199373099,1.6233449968252425
6161.0,0.9518076923076924,0.9863334069741251,0.6680629411361374,1.6543963481102624
6171.0,0.9516538461538462,0.9796815920282542,0.652762772946036,1.6324443649742904
6181.0,0.9516538461538462,0.9731980232153801,0.6223077340348601,1.5955057572502398
6191.0,0.9529615384615384,0.9596488517356864,0.7391242350415885,1.698773086777275
6201.0,0.9531153846153846,0.972394826333894,0.6680460255885655,1.6404408519224596
6211.0,0.9518461538461539,0.9841912726010468,0.6643132002346112,1.648504472835658
6221.0,0.9528076923076924,0.9872173648685618,0.6734173758802109,1.6606347407487727
6231.0,0.9516538461538462,0.9980870838076673,0.6822645193961497,1.6803516032038166
6241.0,0.9519230769230769,0.9959265492466286,0.708813653483962,1.7047402027305905
6251.0,0.9535384615384616,0.9791571362026139,0.6696865705837389,1.648843706786353
6261.0,0.9513461538461538,0.9828259634262705,0.7134905451334961,1.6963165085597665
6271.0,0.9506538461538462,0.9727437031705497,0.7107627417796476,1.6835064449501969
6281.0,0.9537307692307693,0.9340008083459884,0.6627727629969836,1.596773571342972
6291.0,0.9531538461538461,0.9324355090031733,0.6239662370395922,1.5564017460427657
6301.0,0.9526153846153846,0.9466180302116085,0.6658936741725182,1.6125117043841268
6311.0,0.951076923076923,0.944984895188918,0.60977173582537,1.554756631014288
6321.0,0.9513461538461538,0.9496058518587506,0.6442439463852369,1.5938497982439874
6331.0,0.9532307692307692,0.9527288571589301,0.6669329738047401,1.6196618309636701
6341.0,0.9519230769230769,0.9592602802471135,0.6893077377563035,1.6485680180034172
6351.0,0.9515384615384616,0.9491978682919773,0.7378042277144653,1.6870020960064425
6361.0,0.9521153846153846,0.9488045451469225,0.7076657661639232,1.6564703113108454
6371.0,0.9532307692307692,0.9118016651779449,0.5734985778390732,1.485300243017018
6381.0,0.9525769230769231,0.89973381902242,0.5598335258521732,1.4595673448745934
6391.0,0.952076923076923,0.8923895437573488,0.6707174040286313,1.5631069477859802
6401.0,0.955,0.8833128717095158,0.628883066359156,1.5121959380686716
6411.0,0.9525,0.8937106021427451,0.6867395974207827,1.5804501995635278
6421.0,0.9548846153846153,0.8797772354508883,0.6780603608720037,1.5578375963228919
6431.0,0.9543076923076923,0.8861568034086469,0.6560712470048865,1.542228050413533
6441.0,0.9531923076923077,0.9013678347166474,0.5952419515722593,1.4966097862889067
6451.0,0.952076923076923,0.8894611778579314,0.6700758978046734,1.5595370756626048
6461.0,0.9523846153846154,0.8857933355106351,0.6390995550550006,1.5248928905656358
6471.0,0.954,0.905342989208942,0.6571186668441658,1.5624616560531075
6481.0,0.9538846153846153,0.9034232640794471,0.6515457135052604,1.5549689775847075
6491.0,0.9502692307692308,0.8914344018483368,0.6615336013459521,1.552968003194289
6501.0,0.9503461538461538,0.9035597650646459,0.7083508480941516,1.6119106131587975
6511.0,0.952076923076923,0.8860593511826417,0.7760810980542582,1.6621404492368999
6521.0,0.9513461538461538,0.8946894562694313,0.8018843701926597,1.6965738264620909
6531.0,0.9511923076923077,0.908018966826035,0.7369073976810586,1.6449263645070935
6541.0,0.9501923076923077,0.9063800802965739,0.8270068248806595,1.7333869051772333
6551.0,0.9532692307692308,0.8869462907305635,0.7388347318449047,1.6257810225754679
6561.0,0.9516923076923077,0.8906787310943853,0.7740401439612596,1.6647188750556452
6571.0,0.9491153846153846,0.9016523493619965,0.7962987628490166,1.6979511122110134
6581.0,0.9528461538461539,0.8883085511836408,0.799404375281442,1.687712926465083
6591.0,0.9513461538461538,0.8807312416873015,0.7807491295716967,1.6614803712589985
6601.0,0.9527307692307693,0.8791121970928701,0.8270652251764831,1.7061774222693533
6611.0,0.9455384615384615,0.8199538606406531,0.8643394353984837,1.684293296039137
6621.0,0.9528846153846153,0.868778824446266,0.8006992009272011,1.6694780253734671
6631.0,0.9541923076923077,0.8772103303128828,0.7775037460286233,1.654714076341506
6641.0,0.9534615384615385,0.8690811546839972,0.7623429881111449,1.6314241427951421
6651.0,0.9518846153846154,0.8656364494159074,0.801205527846171,1.6668419772620786
6661.0,0.9511153846153846,0.2177999325646039,0.8997345692781684,1.1175345018427723
6671.0,0.9523846153846154,0.8631853572085866,0.888915573556039,1.7521009307646258
6681.0,0.9491923076923077,0.8582721148810141,0.8575334665992622,1.7158055814802762
6691.0,0.9529615384615384,0.869353768927971,0.8970952570176706,1.7664490259456411
6701.0,0.9543076923076923,0.8744090351913965,0.8740304524594756,1.7484394876508722
6711.0,0.9528846153846153,0.8730424832940759,0.8583956263110095,1.7314381096050853
6721.0,0.9497307692307693,0.8074222705610814,0.8989868744849752,1.7064091450460566
6731.0,0.9503461538461538,0.8803572858716451,0.8778536305195348,1.7582109163911799
6741.0,0.9538076923076924,0.8869961310648041,0.8568781061563968,1.7438742372212008
6751.0,0.9543461538461538,0.8861825594026177,0.8609092246889994,1.747091784091617
6761.0,0.9513846153846154,0.8964995686814059,0.8632312870177298,1.7597308556991356
6771.0,0.9517307692307693,0.9083353889711182,0.8510951542176769,1.759430543188795
6781.0,0.9519615384615384,0.915636616038763,0.8275887857589753,1.7432254017977382
6791.0,0.9476923076923077,0.8850675763395223,0.8720559592868121,1.7571235356263346
6801.0,0.9535,0.8943031224840003,0.8607926612179461,1.7550957837019465
6811.0,0.9526923076923077,0.8805492600879029,0.8687282016554927,1.7492774617433953
6821.0,0.9521538461538461,0.9109306269771985,0.8151270436840322,1.726057670661231
6831.0,0.9549615384615384,0.8925651114568656,0.8683906617458675,1.760955773202733
6841.0,0.9503846153846154,0.881846600801869,0.894557311049593,1.776403911851462
6851.0,0.9511538461538461,0.8884638347345075,0.8877971655154572,1.776261000249965
6861.0,0.9513846153846154,0.9042948376392045,0.8655742218746592,1.7698690595138638
6871.0,0.9522307692307692,0.9083697520142683,0.836122764001035,1.7444925160153033
6881.0,0.952,0.9074907276392825,0.8443159482145023,1.7518066758537847
6891.0,0.9496923076923077,0.9147783575255765,0.81387845646824,1.7286568139938165
6901.0,0.9491923076923077,0.9360760910183905,0.7554780960848018,1.691554187103192
6911.0,0.9501923076923077,0.8957445793832781,0.7900643892804349,1.685808968663713
6921.0,0.9476153846153846,0.9206405971903052,0.808086429184777,1.7287270263750822
6931.0,0.9474615384615385,0.9179992979690761,0.7511124129891057,1.669111710958182
6941.0,0.9516538461538462,0.8875195181611357,0.7923549409599191,1.679874459121055
6951.0,0.9524230769230769,0.8965512389813757,0.8252755816130422,1.7218268205944176
6961.0,0.9530384615384615,0.8929087427805669,0.8193918088620568,1.7123005516426235
6971.0,0.9526923076923077,0.8878732238212983,0.8669875967808327,1.7548608206021308
6981.0,0.9501923076923077,0.8945422271846031,0.8214859805848391,1.7160282077694422
6991.0,0.9521153846153846,0.9060896896629997,0.8135822584605159,1.7196719481235156
7001.0,0.9486153846153846,0.8973927130515155,0.8569535871742173,1.7543463002257327
7011.0,0.9481153846153846,0.9019373639448182,0.7333016499247246,1.635239013869543
7021.0,0.9526923076923077,0.8925100475235347,0.8042691376594076,1.696779185182942
7031.0,0.9509615384615384,0.9031589616605014,0.8497618792124009,1.7529208408729022
7041.0,0.9484230769230769,0.9264009390006538,0.833893983638468,1.7602949226391216
7051.0,0.9484230769230769,0.8902428132718575,0.7438651928193686,1.6341080060912263
7061.0,0.9505769230769231,0.9163956798135121,0.7655302675009477,1.6819259473144597
7071.0,0.9507692307692308,0.8909031498346431,0.7654966283885445,1.6563997782231874
7081.0,0.9523846153846154,0.9033919570402523,0.820498261753423,1.7238902187936755
7091.0,0.950076923076923,0.8953225344796748,0.8369393565979926,1.7322618910776673
7101.0,0.9504615384615385,0.9092637608248879,0.7930254527056667,1.7022892135305547
7111.0,0.950076923076923,0.897461099225149,0.7633903115713441,1.6608514107964927
7121.0,0.9506923076923077,0.8878906622644954,0.8504718072204028,1.738362469484898
7131.0,0.9507692307692308,0.8844291901200779,0.7927817517613126,1.6772109418813903
7141.0,0.9505,0.877422880544271,0.7861717736605768,1.663594654204848
7151.0,0.9485384615384616,0.8863447675916448,0.7909876295107516,1.6773323971023966
7161.0,0.9490384615384615,0.8722262259593756,0.7618509259829634,1.6340771519423392
7171.0,0.9510384615384615,0.8613753288705289,0.8113197900017118,1.6726951188722405
7181.0,0.9480384615384615,0.873489315945355,0.7438981516814481,1.617387467626803
7191.0,0.9523846153846154,0.8605528821337233,0.84026629302185,1.700819175155573
7201.0,0.9486923076923077,0.8555457985559314,0.7325977505578071,1.5881435491137388
7211.0,0.9491538461538461,0.8962773506479456,0.7924388154605079,1.6887161661084535
7221.0,0.9525,0.8706574314704845,0.7670424322273306,1.6376998636978146
7231.0,0.955076923076923,0.8773492876646256,0.7754197125817747,1.6527690002464006
7241.0,0.9515384615384616,0.8669269585230448,0.8130835067940781,1.6800104653171228
7251.0,0.9521153846153846,0.864567910355639,0.7619924177142595,1.6265603280698984
7261.0,0.953076923076923,0.8664217225025506,0.809758765600753,1.6761804881033031
7271.0,0.9538076923076924,0.8498423991386921,0.8794243853702354,1.7292667845089278
7281.0,0.953,0.8561775564044918,0.8007935250356263,1.6569710814401182
7291.0,0.9533076923076923,0.8609112031765261,0.8561303382267025,1.717041541403229
7301.0,0.9545769230769231,0.8636884795246224,0.8388907059183043,1.7025791854429266
7311.0,0.9505,0.8722611187357963,0.8223368068332394,1.6945979255690355
7321.0,0.9541923076923077,0.8628117984461557,0.846792567027212,1.7096043654733677
7331.0,0.9534615384615385,0.8676615196188678,0.7916553109535261,1.6593168305723938
7341.0,0.9534615384615385,0.8727396031012894,0.81660149121604,1.6893410943173295
7351.0,0.9496923076923077,0.8835599930410997,0.858704975766174,1.742264968807274
7361.0,0.9511923076923077,0.8744739459128599,0.8804080127067745,1.754881958619634
7371.0,0.9529230769230769,0.8761324908648561,0.8687985840053373,1.7449310748701934
7381.0,0.9541153846153846,0.8709574610947404,0.8749330489077077,1.745890510002448
7391.0,0.9495,0.8853938373613244,0.8452402891645702,1.7306341265258947
7401.0,0.9499230769230769,0.9053201908376158,0.8074787729329356,1.712798963770551
7411.0,0.9489615384615384,0.8779780013029601,0.8125873033795831,1.6905653046825433
7421.0,0.9505769230769231,0.894890334578836,0.8820687142254323,1.7769590488042681
7431.0,0.9496153846153846,0.9000217966641412,0.828841648847813,1.7288634455119543
7441.0,0.9486923076923077,0.9073161035911118,0.851075986422147,1.7583920900132588
7451.0,0.9515769230769231,0.875105448037368,0.8757461315120544,1.7508515795494224
7461.0,0.9489230769230769,0.9064435245112464,0.7739683534566344,1.680411877967881
7471.0,0.9548846153846153,0.8553131528895532,0.8300975304358063,1.6854106833253593
7481.0,0.9525384615384616,0.8380047328340929,0.8986286089721514,1.7366333418062445
7491.0,0.9519615384615384,0.8431147859754566,0.8679581626105554,1.7110729485860119
7501.0,0.9501153846153846,0.8621004984616595,0.8398116609886305,1.7019121594502902
7511.0,0.9504230769230769,0.8506824416932421,0.8892675442920428,1.7399499859852852
7521.0,0.9537692307692308,0.8405354976891659,0.8656607634599546,1.7061962611491206
7531.0,0.9576923076923077,0.8459152245005138,0.8803611551436396,1.7262763796441531
7541.0,0.9523846153846154,0.8299100762341616,0.8833980141442388,1.7133080903784004
7551.0,0.9538461538461539,0.8466754574064057,0.8951834966053314,1.7418589540117368
7561.0,0.9502307692307692,0.8655006016333601,0.8419131286548976,1.7074137302882577
7571.0,0.9522692307692308,0.8501628716276926,0.8884504367228457,1.7386133083505386
7581.0,0.9506923076923077,0.8711398629855304,0.8547236925644639,1.7258635555499944
7591.0,0.9530384615384615,0.851949692531802,0.865732094843262,1.717681787375064
7601.0,0.9519615384615384,0.8586122799384821,0.8358824154674356,1.694494695405918
7611.0,0.9518076923076924,0.8537824368553274,0.852932160875941,1.7067145977312685
7621.0,0.954,0.8633843600602775,0.8860258848244443,1.749410244884722
7631.0,0.9535769230769231,0.8463961114507947,0.8763582637117688,1.7227543751625638
7641.0,0.9551923076923077,0.8496591791829483,0.869632624333143,1.7192918035160916
7651.0,0.953076923076923,0.8536899314015244,0.8441649628228083,1.697854894224333
7661.0,0.9521923076923077,0.8497729366386095,0.8704099667612303,1.7201829033998393
7671.0,0.9544615384615385,0.8540834241380737,0.8399192986539475,1.6940027227920214
7681.0,0.9519615384615384,0.855324955304718,0.8644106266188122,1.71973558192353
7691.0,0.9531923076923077,0.8472186489554339,0.8983890564209864,1.7456077053764203
7701.0,0.9515,0.8484317605214152,0.8571752420044327,1.705607002525848
7711.0,0.9511538461538461,0.8547871463549229,0.8666478154817657,1.7214349618366889
7721.0,0.9515769230769231,0.8690918946779769,0.8804233004164399,1.7495151950944168
7731.0,0.9530384615384615,0.8482022997144353,0.8457713490603376,1.693973648774773
7741.0,0.9506538461538462,0.8571302178945124,0.827339497489136,1.6844697153836485
7751.0,0.9501153846153846,0.8675536887369629,0.8399261318448384,1.7074798205818014
7761.0,0.9503076923076923,0.8726266740223291,0.8228142660960919,1.6954409401184212
7771.0,0.9529615384615384,0.8448878212100914,0.8315777584818885,1.6764655796919798
7781.0,0.9519615384615384,0.8530194948883231,0.8611914730892772,1.7142109679776
7791.0,0.9535,0.8466210169434824,0.8618118983880454,1.7084329153315276
7801.0,0.9511923076923077,0.8498299550680385,0.8137959957138049,1.6636259507818434
7811.0,0.9511538461538461,0.8523523241472512,0.8309284093168747,1.683280733464126
7821.0,0.9553846153846154,0.8359790222614206,0.870671541224257,1.7066505634856775
7831.0,0.9558461538461539,0.8242763285885413,0.8851466000651201,1.7094229286536613
7841.0,0.9522692307692308,0.8376088546338297,0.8003057445861493,1.637914599219979
7851.0,0.9514230769230769,0.8402979012095808,0.8364515330508594,1.6767494342604405
7861.0,0.9522307692307692,0.8572210580235958,0.8554664871649226,1.7126875451885182
7871.0,0.9508461538461539,0.8813086613722261,0.8505625510042566,1.7318712123764828
7881.0,0.9542307692307692,0.2993183883869369,0.84443631724628,1.1437547056332167
7891.0,0.9482307692307692,0.9091028302729789,0.8282274104978056,1.7373302407707842
7901.0,0.9489230769230769,0.9091373068277196,0.8317783044925884,1.740915611320308
7911.0,0.9515769230769231,0.8959389895996606,0.8785820861721566,1.7745210757718173
7921.0,0.9506538461538462,0.8985465508956229,0.8565573045598525,1.7551038554554752
7931.0,0.9496923076923077,0.8975022666592074,0.8643850087539452,1.7618872754131527
7941.0,0.9494615384615385,0.9273210245761718,0.8155704854866336,1.7428915100628053
7951.0,0.9507307692307693,0.9197993621277648,0.8338561878922592,1.7536555500200242
7961.0,0.9529615384615384,0.9264847300019131,0.8237296046628437,1.7502143346647572
7971.0,0.9492692307692308,0.9564392312001804,0.8315446472089963,1.7879838784091768
7981.0,0.9502692307692308,0.9490318102201368,0.833113021381264,1.782144831601401
7991.0,0.9506923076923077,0.9336116607331639,0.8151855898608098,1.7487972505939735
